Transaction Date,Transaction Details,Amount,Account,Category,Transaction Type,Payment Method
2023-06-28 00:00:00,CHRGMOB ALERTMAY23,0.5,Federal,Charges,DR,""
2023-08-23 00:00:00,UPIOUT323595991621abhishek129rajput1yblU0000,5,Federal,Travel,DR,""
2023-07-19 00:00:00,UPIOUT320010336441smartworkstechs521rzpi5411,10,Federal,Food and Drinks,DR,""
2023-08-31 00:00:00,UPIOUT324368966031paytmqrxd9p10y5nqpaytm5311,15,Federal,Food and Grocery,DR,""
2023-08-01 00:00:00,UPIOUT321336411075apollohospitalsenter4138062,17.13,Federal,Well Being,DR,""
2023-07-24 00:00:00,UPIOUT320583669918smartworkstechs521rzpi5411,20,Federal,Food and Drinks,DR,""
2023-08-12 00:00:00,UPIOUT322499455955paytmqr281005050101oz3hf5812,20,Federal,Food and Drinks,DR,""
2023-07-19 00:00:00,UPIOUT320008703133smartworkstechs521rzpi5411,24,Federal,Food and Drinks,DR,""
2023-08-22 00:00:00,UPIOUT323452271746smartworkstechs521rzpi5411,24,Federal,Food and Drinks,DR,""
2023-08-21 00:00:00,UPIOUT323321530658paytmqr1tmtlor68xpaytm5912,24,Federal,Well Being,DR,""
2023-08-23 00:00:00,UPIOUT323582038830bachelorguru2345axlUP0000,27,Federal,Travel,DR,""
2023-08-13 00:00:00,UPIOUT3225350976009290065681yblUPI0000,28,Federal,Grocery,DR,""
2023-07-11 00:00:00,UPIOUT319266721261paytmqr19evn8yaplpaytm5812,30,Federal,Food and Drinks,DR,""
2023-08-08 00:00:00,UPIOUT322080152342paytmqr1au60f4zt2paytm5311,30,Federal,Food and Drinks,DR,""
2023-07-10 00:00:00,UPIOUT319130827889paytmqr28100505010114y0n5451,30,Federal,Grocery,DR,""
2023-07-13 00:00:00,UPIOUT319439121246paytmqr28100505010114y0n5451,30,Federal,Grocery,DR,""
2023-07-14 00:00:00,UPIOUT319578159862paytmqr281005050101x2s855812,30,Federal,Grocery,DR,""
2023-07-26 00:00:00,UPIOUT320759537374paytmqr2810050501012i95q5411,30,Federal,Grocery,DR,""
2023-07-26 00:00:00,UPIOUT320759629986paytmqr281005050101jnkgo5411,30,Federal,Grocery,DR,""
2023-07-28 00:00:00,UPIOUT320919051030paytmqrwluaql2ty6paytm5411,30,Federal,Grocery,DR,""
2023-07-28 00:00:00,UPIOUT320919156457paytmqr281005050101x2s855812,30,Federal,Grocery,DR,""
2023-07-31 00:00:00,UPIOUT321216970576paytmqr281005050101x2s855812,30,Federal,Grocery,DR,""
2023-08-18 00:00:00,UPIOUT323014915997paytmqr281005050101x2s855812,30,Federal,Grocery,DR,""
2023-08-19 00:00:00,UPIOUT3231557710237499234597yblUPI0000,30,Federal,Travel,DR,""
2023-07-12 00:00:00,UPIOUT319388034168smartworkstechs521rzpi5411,35,Federal,Food and Drinks,DR,""
2023-07-21 00:00:00,UPIOUT320282639348paytm76881028paytmUPI4121,36,Federal,Grocery,DR,""
2023-08-23 00:00:00,UPIOUT323596064907q254085019yblUPI5812,38,Federal,Food and Drinks,DR,""
2023-08-22 00:00:00,UPIOUT323444321659bharatpe90727258100yesb5814,40,Federal,Food and Drinks,DR,""
2023-08-29 00:00:00,UPIOUT3242095569958919411463yblUPI0000,40,Federal,Travel,DR,""
2023-07-24 00:00:00,UPIOUT320587414797kuamrvamshi274okhdfcban0000,45,Federal,Grocery,DR,""
2023-08-30 00:00:00,UPIOUT324237516315paytmqr1tmtlor68xpaytm5912,46,Federal,Well Being,DR,""
2023-08-26 00:00:00,UPIOUT323888455041q253865396yblUPI5814,48,Federal,Food and Drinks,DR,""
2023-08-17 00:00:00,UPIOUT322960539320rzpcteroppentransportati4121,59,Federal,Travel,DR,""
2023-07-12 00:00:00,UPIOUT319309624994paytmqr2810050501011mr2m5814,60,Federal,Grocery,DR,""
2023-07-26 00:00:00,UPIOUT320758916772paytmqr281005050101x2s855812,60,Federal,Grocery,DR,""
2023-07-26 00:00:00,UPIOUT320759856647paytmqr28100505010188ur25812,60,Federal,Grocery,DR,""
2023-08-01 00:00:00,UPIOUT321336956127paytmqr281005050101x2s855812,60,Federal,Grocery,DR,""
2023-08-23 00:00:00,UPIOUT3235871304399703325629321paytmUPI0000,62,Federal,Travel,DR,""
2023-07-19 00:00:00,UPIOUT320017278297g4interiorsoksbiUPI0000,70,Federal,Grocery,DR,""
2023-08-26 00:00:00,UPIOUT323888714341paytmqr1g07ob2sr3paytm5462,70,Federal,Travel,DR,""
2023-07-12 00:00:00,UPIOUT319301524741uberrideshdfcbankUberR5960,70.82,Federal,Travel,DR,""
2023-07-06 00:00:00,UPIOUT318767006756srinurathalavath101oka0000,72,Federal,Travel,DR,""
2023-07-07 00:00:00,UPIOUT318816865075smartworkstechs521rzpi5411,72,Federal,Travel,DR,""
2023-07-07 00:00:00,UPIOUT318801426262paytmqrowud51mg22paytm4121,74,Federal,Travel,DR,""
2023-08-07 00:00:00,UPIOUT321926811520kkhetawatharishokhdfcba0000,74,Federal,Travel,DR,""
2023-08-11 00:00:00,UPIOUT3223541107949381916436yblUPI0000,75,Federal,Travel,DR,""
2023-08-10 00:00:00,UPIOUT3222257931069008462033axlUPI0000,78,Federal,Travel,DR,""
2023-07-13 00:00:00,UPIOUT319417217387uberrideshdfcbankUberR5960,78.01,Federal,Travel,DR,""
2023-08-13 00:00:00,UPIOUT322535639145paytm53817591paytmUPI4814,79.83,Federal,Utility,DR,""
2023-08-22 00:00:00,UPIOUT323437061711mohdzubair6455okiciciU0000,82,Federal,Travel,DR,""
2023-08-29 00:00:00,UPIOUT324193253676q253865396yblUPI5814,85,Federal,Food and Drinks,DR,""
2023-08-07 00:00:00,UPIOUT321948426297paytmqr2810050501011mr2m5814,90,Federal,Grocery,DR,""
2023-08-27 00:00:00,UPI IN360518343862tsawant322okiciciUPI0000,100,Federal,Splitwise,CR,""
2023-07-26 00:00:00,UPIOUT320760729679bharatpe9010070043icic5411,104,Federal,Travel,DR,""
2023-07-31 00:00:00,UPIOUT321297662737paytm76881028paytmUPI4121,108,Federal,Travel,DR,""
2023-07-08 00:00:00,UPIOUT318961740784paytmqr281005050101yhk7d5411,110,Federal,Grocery,DR,""
2023-08-15 00:00:00,UPIOUT322711024975mohammedjahangir12345670000,110,Federal,Travel,DR,""
2023-07-24 00:00:00,UPIOUT320566771099uberrideshdfcbankUberR5960,114.49,Federal,Travel,DR,""
2023-07-07 00:00:00,UPIOUT318823277097paytmqrosj9h1h364paytm5311,120,Federal,"",DR,""
2023-07-10 00:00:00,UPIOUT319130936730alisyeds825okiciciUPI0000,120,Federal,Food and Drinks,DR,""
2023-08-16 00:00:00,UPIOUT322854753312q098727411yblUPI5812,120,Federal,Travel,DR,""
2023-08-12 00:00:00,UPIOUT322497004261paytmqr281005050101oz3hf5812,135,Federal,Travel,DR,""
2023-08-15 00:00:00,UPIOUT322715587304rajujarupala874oksbiUP0000,145,Federal,Travel,DR,""
2023-06-29 00:00:00,SBINT23122022 to 2806202399980122837862,148,Federal,"",CR,""
2023-08-21 00:00:00,UPIOUT323321357833bharatpe90727215388yesb7230,150,Federal,Grocery,DR,""
2023-08-07 00:00:00,UPIOUT321947833104bharatpe90065420667fbp5812,153,Federal,Grocery,DR,""
2023-08-21 00:00:00,UPIOUT323300781710shalinia2802okiciciUPI0000,197,Federal,Food and Drinks,DR,""
2023-08-22 00:00:00,UPI IN323497759274shubhamv283okhdfcbank0000,215,Federal,Splitwise,CR,""
2023-08-27 00:00:00,UPIOUT323934894611palash1418okhdfcbankSp0000,248,Federal,Travel,DR,""
2023-07-07 00:00:00,UPIOUT318823059504bharatpe09899581360yesb5331,250,Federal,Travel,DR,""
2023-08-19 00:00:00,UPIOUT323138621781vineethrv91okhdfcbankU0000,250,Federal,Travel,DR,""
2023-08-20 00:00:00,UPIOUT323275815951bharatpe90066787218fbp5411,250,Federal,Travel,DR,""
2023-08-13 00:00:00,UPIOUT322529597868paytmqr13msxsx069paytm5814,280,Federal,Food and Drinks,DR,""
2023-08-19 00:00:00,UPIOUT3231255103099951888452yblUPI0000,300,Federal,Travel,DR,""
2023-07-14 00:00:00,UPIOUT319577316170akashmallick001okicici0000,346,Federal,Food and Drinks,DR,""
2023-08-05 00:00:00,UPI IN321798150434aditiisrivastavokhdfcba0000,369,Federal,Splitwise,CR,""
2023-08-22 00:00:00,UPIOUT323445505094shalinia2802okiciciUPI0000,394,Federal,Food and Drinks,DR,""
2023-06-01 00:00:00,NFTFDRLM8152551427 Shikhar Srivastava ICIC0000321,1000,Federal,Transfer Self,DR,""
2023-08-19 00:00:00,UPIOUT323138650245akhilpalvai2203oksbiUP0000,1060,Federal,Travel,DR,""
2023-08-11 00:00:00,UPIOUT322354391653sandiprubak2okhdfcbank0000,2000,Federal,Food and Drinks,DR,""
2023-07-17 00:00:00,UPI IN319905507202aditiisrivastavokhdfcba0000,2736,Federal,Splitwise,CR,""
2023-08-20 00:00:00,UPI IN323256701730aditiisrivastav1okhdfc0000,3791,Federal,Splitwise,CR,""
2023-08-20 00:00:00,UPI IN323253466558aditiisrivastav1okhdfc0000,4362,Federal,Splitwise,CR,""
2023-08-17 00:00:00,UPI IN322968766529aditiisrivastav1okhdfc0000,4450,Federal,Splitwise,CR,""
2023-06-19 00:00:00,UPIOUT317083219803shikhar96yblPayment fr0000,10000,Federal,Transfer Self,DR,""
2023-07-01 00:00:00,UPIOUT318266472477credclubiciciPayment f5413,12936,Federal,Credit Card Payment,DR,""
2023-08-01 00:00:00,UPI IN321390981854yraval71okhdfcbankUPI0000,13688,Federal,Splitwise,CR,""
2023-08-03 00:00:00,UPI IN321580982322aryan98goyal2okaxisUP0000,14750,Federal,Splitwise,CR,""
2023-08-24 00:00:00,UPIOUT323605649270srivastavasuchi11okici0000,20000,Federal,Transfer,DR,""
2023-07-01 00:00:00,UPIOUT318208319823credclubiciciPayment f5413,26626.72,Federal,Credit Card Payment,DR,""
2023-06-28 00:00:00,MB IMPSIFO317910168696ICIC0000321Shikhar Sriva,30000,Federal,Transfer Self,DR,""
2023-08-01 00:00:00,UPIOUT321353995350aryan98goyalokaxisFlip0000,32740,Federal,Shopping,DR,""
2023-08-03 00:00:00,UPIOUT3215032549719961608899axisbJuly re0000,42000,Federal,Rent,DR,""
2023-07-03 00:00:00,UPIOUT318468166942shikhar96yblPayment fr0000,50000,Federal,Credit Card Payment,DR,""
2023-06-01 00:00:00,MB IMPSIFO315221769158ICIC0000321Shikhar Sriva,50000,Federal,Transfer Self,DR,""
2023-08-01 00:00:00,MB IMPSIFO321310743941ICIC0000321Shikhar Sriva,50000,Federal,Transfer Self,DR,""
2023-05-31 00:00:00,BRANE SAL MAY2023,114631,Federal,Salary,CR,""
2023-08-31 00:00:00,Brane Salary Aug 2023,114631,Federal,Salary,CR,""
2023-07-31 00:00:00,Brane Salary July 2023,114631,Federal,Salary,CR,""
2023-06-30 00:00:00,Brane Salary June 2023,114631,Federal,Salary,CR,""
2023-06-23 00:00:00,best wine cellar mumbai,,HDFC CC,Food and Drinks,DR,HDFC Credit Card
,igstvpsrate ref st,0.86,HDFC CC,"",DR,HDFC Credit Card
2023-07-18 00:00:00,igstvpsrate ref st,1.98,HDFC CC,"",DR,HDFC Credit Card
,on all dcc transaction ref st,4.79,HDFC CC,"",DR,HDFC Credit Card
2023-07-18 00:00:00,on all dcc transaction rev ref st,6.99,HDFC CC,"",CR,""
2023-07-18 00:00:00,on all dcc transaction ref st,10.99,HDFC CC,"",DR,HDFC Credit Card
2023-07-29 00:00:00,swiggy bangalore,124,HDFC CC,Food and Drinks,DR,HDFC Credit Card
2023-06-08 00:00:00,swiggy bengaluru,128,HDFC CC,Food and Drinks,DR,HDFC Credit Card
2023-06-24 00:00:00,swiggy bangalore,144,HDFC CC,Food and Drinks,DR,HDFC Credit Card
2023-05-21 00:00:00,swiggy bangalore,148,HDFC CC,Food and Drinks,DR,HDFC Credit Card
2023-08-01 00:00:00,swiggy bengaluru,156,HDFC CC,Food and Drinks,DR,HDFC Credit Card
2023-06-24 00:00:00,swiggy bengaluru,159,HDFC CC,Food and Drinks,DR,HDFC Credit Card
2023-07-27 00:00:00,swiggy bengaluru,160,HDFC CC,Food and Drinks,DR,HDFC Credit Card
2023-05-28 00:00:00,swiggy bengaluru,164,HDFC CC,Food and Drinks,DR,HDFC Credit Card
2023-07-31 00:00:00,swiggy instamart bangalore,175,HDFC CC,Grocery,DR,HDFC Credit Card
2023-06-30 00:00:00,swiggy bangalore,177,HDFC CC,Food and Drinks,DR,HDFC Credit Card
2023-07-01 00:00:00,swiggy bengaluru,177,HDFC CC,Food and Drinks,DR,HDFC Credit Card
2023-08-11 00:00:00,swiggy bengaluru,186,HDFC CC,Food and Drinks,DR,HDFC Credit Card
2023-06-29 00:00:00,swiggy bengaluru,189,HDFC CC,Food and Drinks,DR,HDFC Credit Card
2023-07-17 00:00:00,swiggy bengaluru,192,HDFC CC,Food and Drinks,DR,HDFC Credit Card
2023-08-09 00:00:00,swiggy bengaluru,197,HDFC CC,Food and Drinks,DR,HDFC Credit Card
2023-08-16 00:00:00,swiggy bengaluru,197,HDFC CC,Food and Drinks,DR,HDFC Credit Card
2023-07-11 00:00:00,netflix mumbai,199,HDFC CC,Subscription,DR,HDFC Credit Card
2023-08-11 00:00:00,netflix netflix,199,HDFC CC,Subscription,DR,HDFC Credit Card
2023-07-13 00:00:00,steam purchase seattle,200,HDFC CC,Games,DR,HDFC Credit Card
2023-08-10 00:00:00,paytm,204,HDFC CC,Movie,DR,HDFC Credit Card
2023-08-04 00:00:00,swiggy instamart bangalore,213,HDFC CC,Grocery,DR,HDFC Credit Card
2023-07-04 00:00:00,swiggy bengaluru,214,HDFC CC,Food and Drinks,DR,HDFC Credit Card
2023-07-24 00:00:00,swiggy bangalore,217,HDFC CC,Food and Drinks,DR,HDFC Credit Card
2023-08-14 00:00:00,grofers india private bangalore,221,HDFC CC,Food and Drinks,DR,HDFC Credit Card
2023-06-30 00:00:00,swiggy bengaluru,226,HDFC CC,Food and Drinks,DR,HDFC Credit Card
2023-08-12 00:00:00,grofers india private bangalore,234,HDFC CC,Grocery,DR,HDFC Credit Card
2023-07-22 00:00:00,grofers india private bangalore,238,HDFC CC,Grocery,DR,HDFC Credit Card
2023-07-15 00:00:00,swiggy instamart bangalore,256,HDFC CC,Grocery,DR,HDFC Credit Card
2023-06-05 00:00:00,swiggy bangalore,264,HDFC CC,Food and Drinks,DR,HDFC Credit Card
2023-07-02 00:00:00,swiggy instamart bangalore,277,HDFC CC,Grocery,DR,HDFC Credit Card
2023-07-08 00:00:00,swiggy instamart bangalore,281,HDFC CC,Grocery,DR,HDFC Credit Card
2023-06-01 00:00:00,swiggy bengaluru,283,HDFC CC,Food and Drinks,DR,HDFC Credit Card
2023-06-22 00:00:00,swiggy bengaluru,283,HDFC CC,Food and Drinks,DR,HDFC Credit Card
2023-06-12 00:00:00,ratnadeep super market hyderabad,295.05,HDFC CC,Grocery,DR,HDFC Credit Card
2023-07-06 00:00:00,wow momo forum sujana malhyderabad,303,HDFC CC,Food and Drinks,DR,HDFC Credit Card
2023-06-03 00:00:00,swiggy bengaluru,304,HDFC CC,Food and Drinks,DR,HDFC Credit Card
2023-06-07 00:00:00,swiggy bangalore,315,HDFC CC,Food and Drinks,DR,HDFC Credit Card
2023-07-30 00:00:00,swiggy bengaluru,331,HDFC CC,Food and Drinks,DR,HDFC Credit Card
2023-08-08 00:00:00,swiggy bengaluru,347,HDFC CC,Food and Drinks,DR,HDFC Credit Card
2023-07-20 00:00:00,grofers india private lbangalore,357,HDFC CC,Grocery,DR,HDFC Credit Card
2023-08-04 00:00:00,mswfresh and quality g kvrangar,376,HDFC CC,Grocery,DR,HDFC Credit Card
2023-06-08 00:00:00,swiggy bangalore,399,HDFC CC,Food and Drinks,DR,HDFC Credit Card
2023-07-17 00:00:00,gokwik commerce sol south west,399.1,HDFC CC,Grocery,DR,HDFC Credit Card
2023-07-27 00:00:00,swiggy bangalore,412,HDFC CC,Food and Drinks,DR,HDFC Credit Card
2023-05-20 00:00:00,swiggy bangalore,420,HDFC CC,Food and Drinks,DR,HDFC Credit Card
2023-08-04 00:00:00,swiggy bengaluru,471,HDFC CC,Food and Drinks,DR,HDFC Credit Card
2023-06-28 00:00:00,steamgamescom,479,HDFC CC,Games,DR,HDFC Credit Card
2023-07-19 00:00:00,swiggy bangalore,528,HDFC CC,Food and Drinks,DR,HDFC Credit Card
2023-07-19 00:00:00,swiggy chennai ref vt,528,HDFC CC,Food and Drinks,CR,""
2023-08-14 00:00:00,nykaa gurgaon,541,HDFC CC,Well Being,DR,HDFC Credit Card
2023-06-04 00:00:00,swiggy bangalore,566,HDFC CC,Food and Drinks,DR,HDFC Credit Card
2023-08-03 00:00:00,swiggy bengaluru,598,HDFC CC,Food and Drinks,DR,HDFC Credit Card
2023-06-24 00:00:00,pop tates ville parle mumbai,607,HDFC CC,Food and Drinks,DR,HDFC Credit Card
2023-07-06 00:00:00,zudio a unit of trent lhyderabad,609,HDFC CC,Shopping,DR,HDFC Credit Card
2023-06-19 00:00:00,karachi bakery hyderabad,640,HDFC CC,Food and Drinks,DR,HDFC Credit Card
2023-06-19 00:00:00,myjio mumbai,650,HDFC CC,Subscription,DR,HDFC Credit Card
2023-07-19 00:00:00,uengage,656.25,HDFC CC,Food and Drinks,DR,HDFC Credit Card
,steam purchase seattle,699,HDFC CC,Games,CR,""
2023-07-07 00:00:00,uengage,834.75,HDFC CC,Food and Drinks,DR,HDFC Credit Card
2023-08-13 00:00:00,swiggy bengaluru,874,HDFC CC,Food and Drinks,DR,HDFC Credit Card
2023-08-13 00:00:00,swiggy tech ref vt,874,HDFC CC,Food and Drinks,CR,""
2023-07-13 00:00:00,steam purchase seattle,899,HDFC CC,Games,DR,HDFC Credit Card
2023-06-09 00:00:00,uengage,908.25,HDFC CC,Food and Drinks,DR,HDFC Credit Card
2023-08-13 00:00:00,swiggy bengaluru,911,HDFC CC,Food and Drinks,DR,HDFC Credit Card
2023-05-21 00:00:00,nobroker janitorial cybbengaluru,949,HDFC CC,Utility,DR,HDFC Credit Card
2023-06-20 00:00:00,swiggy bangalore,999,HDFC CC,Food and Drinks,DR,HDFC Credit Card
2023-08-12 00:00:00,phonepe utility bangalore,1029.66,HDFC CC,Utility,DR,HDFC Credit Card
2023-08-12 00:00:00,swiggy dineout bangalore,1197,HDFC CC,Food and Drinks,DR,HDFC Credit Card
2023-06-11 00:00:00,bonkers corner thane,1295.42,HDFC CC,Shopping,DR,HDFC Credit Card
2023-07-06 00:00:00,life style internationahyderabad,1399,HDFC CC,Shopping,DR,HDFC Credit Card
2023-06-02 00:00:00,paytm noida,2474.46,HDFC CC,Flight,DR,HDFC Credit Card
2023-07-17 00:00:00,paytm_cleartripprivate mumbai,2736,HDFC CC,Travel,DR,HDFC Credit Card
2023-05-27 00:00:00,dmart avenue supermartshyderabad,4026.3,HDFC CC,Grocery,DR,HDFC Credit Card
2023-08-04 00:00:00,airca career insti jaipur,6499,HDFC CC,Gifts,DR,HDFC Credit Card
2023-07-26 00:00:00,paytm_cleartripprivate mumbai,9609,HDFC CC,Travel,DR,HDFC Credit Card
2023-08-01 00:00:00,imps pmt ref,11028,HDFC CC,Credit Card Payment,CR,""
2023-07-01 00:00:00,imps pmt ref,12940,HDFC CC,Credit Card Payment,CR,""
2023-06-02 00:00:00,imps pmt ref,13854,HDFC CC,Credit Card Payment,CR,""
2023-06-13 00:00:00,UPI316442627015Charge AdjustmeuberrideshdfcbHDFC BANK LTDHDF49D164C0140A4,1,ICICI,"",CR,""
2023-06-13 00:00:00,UPI353019962243UberRideuberrideshdfcbHDFC BANK LTDICI38b1f10649484d16b052,1,ICICI,"",DR,UPI
2023-06-01 00:00:00,UPI351894815727UPIpaytmqr28100505Paytm Payments ICIb2300fdc44dc472187f4bd3,5,ICICI,Grocery,DR,UPI
2023-06-10 00:00:00,UPI352728296256UPIpaytmqr28100505Paytm Payments ICI7db3aa1234bb4d85bc5dc29,10,ICICI,Grocery,DR,UPI
2023-06-17 00:00:00,UPI316801801522UPIpaytmqrosj9h1h3Paytm Payments ICI91de1f51d7e24914baddb7a,15,ICICI,Food and Drinks,DR,UPI
2023-07-25 00:00:00,ACHHDFCLIFEINSURANCE00000000000004365241,19,ICICI,Dividend,CR,""
2023-06-02 00:00:00,UPI3153621475083337smartworkstechsICICI BankICI64df6f02b4694a949872356c9a9,20,ICICI,Food and Drinks,DR,UPI
2023-06-27 00:00:00,UPI3544601826816596smartworkstechsAxis Bank LtdICI8502dea43b484c0385d5c8c,20,ICICI,Food and Drinks,DR,UPI
2023-06-26 00:00:00,UPI317630447090UPIq82464004yblYes Bank LtdICIe689a27565da4bfba81d4994354a,23,ICICI,Food and Drinks,DR,UPI
2023-06-06 00:00:00,UPI3157393730479508smartworkstechsICICI BankICIde44fa8fdf6049d1ae33c4b4e85,25,ICICI,Food and Drinks,DR,UPI
2023-06-16 00:00:00,UPI353301573533UPIpaytmqr1bdi2m2tPaytm Payments ICIf519720299ee4c87b3ae449,25,ICICI,Food and Drinks,DR,UPI
2023-08-14 00:00:00,ACHGRANULES INDIA LTD5209719,30,ICICI,Dividend,CR,""
2023-08-14 00:00:00,ACHLARSENTOUBROLIMI00000000000020110256,30,ICICI,Dividend,CR,""
2023-06-03 00:00:00,UPI315405663800UPIpaytmqr28100505Paytm Payments ICI72654e57476646799a20c9c,30,ICICI,Food and Drinks,DR,UPI
2023-06-19 00:00:00,UPI316985533986UPIpaytmqr28100505Paytm Payments ICI9a9b58eea02546d1a6226f8,30,ICICI,Food and Drinks,DR,UPI
2023-06-27 00:00:00,UPI317826695869UPIpaytmqrosj9h1h3Paytm Payments ICId3f448fb87844d7f811fed2,30,ICICI,Grocery,DR,UPI
2023-06-28 00:00:00,UPI317980722019UPIpaytmqr28100505Paytm Payments ICI9ca60e35f71a4204bb22859,30,ICICI,Grocery,DR,UPI
2023-06-09 00:00:00,UPI352688069553UPIpaytmqrosj9h1h3Paytm Payments ICI94fa65f4215d4f40a4df11d,30,ICICI,Grocery,DR,UPI
2023-06-26 00:00:00,UPI354222236386UPIq253865396yblYes Bank LtdICI9b445cd6ed774c8e803c952834a,30,ICICI,Grocery,DR,UPI
2023-06-28 00:00:00,UPI354571616337UPIpaytmqr28100505Paytm Payments ICI06e649477cad4400b225cf5,30,ICICI,Grocery,DR,UPI
2023-06-16 00:00:00,UPI353348872259UPIpaytmqr28100505Paytm Payments ICI83d2f1e7cd0d4615ab0d639,31,ICICI,Grocery,DR,UPI
2023-06-26 00:00:00,UPI354286628113UPIq253865396yblYes Bank LtdICI839faa3223a0420daa638b88bba,33,ICICI,Food and Drinks,DR,UPI
2023-08-19 00:00:00,UPI359766722754Oid217615512,35,ICICI,Grocery,DR,UPI
2023-06-02 00:00:00,UPI315304715955UPIyraval71okhdfHDFC BANK LTDHDF8e4906a8c8c2484d9f2bbc333,39,ICICI,Food and Drinks,CR,""
2023-08-11 00:00:00,ACHTATAMOTORSDIV11082300000000000000914789,40,ICICI,Dividend,CR,""
2023-08-10 00:00:00,UPI32227910504428044smartworkstechsAxis Bank LtdYBL9160f0ef2ebd45d0971c09,40,ICICI,Food and Drinks,DR,UPI
2023-06-02 00:00:00,UPI351900447537UPIpaytmqr28100505Paytm Payments ICIe0c4b8b0bd1d4954a520c8f,40,ICICI,Food and Drinks,DR,UPI
2023-06-10 00:00:00,UPI352767101930UPIq451396371yblYes Bank LtdICIc00dbe9b041a45dea12cc929e24,40,ICICI,Grocery,DR,UPI
2023-08-14 00:00:00,ACHAPSEZ FNLDIV 2022 23157638,50,ICICI,Dividend,CR,""
2023-06-01 00:00:00,UPI315285105466UPIsuhash372okiciDCB Bank LtdICIbe513c64785c48a09e3539216d,50,ICICI,Food and Drinks,DR,UPI
2023-06-02 00:00:00,UPI315361360183UPIpaytmqr28100505Paytm Payments ICI1ed0629b54ab4d6197fccca,50,ICICI,Food and Drinks,DR,UPI
2023-07-01 00:00:00,UPI318203609531UPIpaytmqr28100505Paytm Payments ICI4f68063f706a4244815132f,50,ICICI,Grocery,DR,UPI
2023-07-03 00:00:00,UPI318400881326UPIq960301719yblYes Bank LtdICIc0392315f1284ffca76d7d27819,50,ICICI,Grocery,DR,UPI
2023-08-09 00:00:00,UPI322143054157NA9891393267paytHDFC BANK LTDPTM1D38034602C44D1C8C95850FD8,50,ICICI,Transfer,DR,UPI
2023-08-31 00:00:00,UPI324339250967Payment from Ph8019880050axlUnion Bank of IYBL4979f35bc74a,52,ICICI,Travel,DR,UPI
2023-06-16 00:00:00,UPI353342655813UPIsharmayash382oBank of BarodaICI3476887c89f9477f8eff5623,60,ICICI,Food and Drinks,DR,UPI
2023-07-03 00:00:00,UPI318409686698UPIpaytmqr28100505Paytm Payments ICIffcbf25dd35940e78f2d1e1,60,ICICI,Grocery,DR,UPI
2023-06-15 00:00:00,UPI353201233089UPIpandunaikeslavaHDFC BANK LTDICI2c796fa2c97748b181b588e29,63,ICICI,Travel,DR,UPI
2023-06-08 00:00:00,UPI352564245499UPIpaytm76881028Paytm Payments ICI4b8ef18aa26f452d9f6e73d,65,ICICI,Grocery,DR,UPI
2023-06-13 00:00:00,UPI316451982088Payment for 919apollopharmacyoYes Bank LtdICI6e34e299df3045,65.59999847,ICICI,Well Being,DR,UPI
2023-06-06 00:00:00,UPI352369182930UPIpaytmqr42tjsppcPaytm Payments ICIa2f5bf629a09464ab610d25,67,ICICI,Food and Drinks,DR,UPI
2023-08-28 00:00:00,UPI323920262827Payment from Phpaytmqr1g07ob2sPaytm Payments YBL39bc3a8a7a7,70,ICICI,Food and Drinks,DR,UPI
2023-06-08 00:00:00,UPI352569240598UPIbalukodavath00Canara BankICI4ea07d4a6e9444c2bd64a6f1781,72,ICICI,Travel,DR,UPI
2023-08-30 00:00:00,UPI360809856365Payment from PhQ64727346yblState Bank Of IYBL77d112138ed74,72,ICICI,Travel,DR,UPI
2023-06-30 00:00:00,UPI318119359497Pay to BharatPebharatpe900608Federal BankICIb5f61d78549e40,73,ICICI,Travel,DR,UPI
2023-07-04 00:00:00,UPI318573701521UPI8374392112axlPaytm Payments ICIde5a105bf68440798aac47a3,73,ICICI,Travel,DR,UPI
2023-07-05 00:00:00,UPI318652440122Pay to BharatPebharatpe9072724Yes Bank LtdICI6683979918d240,73,ICICI,Travel,DR,UPI
2023-06-15 00:00:00,UPI316647775851chargeuberrideshdfcbHDFC BANK LTDHDF83C51D3BFC9E4F208211B1,73.23999786,ICICI,Travel,DR,UPI
2023-06-21 00:00:00,UPI317261619127chargeuberrideshdfcbHDFC BANK LTDHDFBF5C0AC9683048DCB5EFCE,73.23999786,ICICI,Travel,DR,UPI
2023-06-27 00:00:00,UPI317824422734chargeuberaxisbankAxis Bank LtdAXISSDKV3bf8fff642667487ab,73.23999786,ICICI,Travel,DR,UPI
2023-06-19 00:00:00,UPI353689953165UberRideuberrideshdfcbHDFC BANK LTDICI0a608a9c1b6b4bfdad39,73.23999786,ICICI,Travel,DR,UPI
2023-06-09 00:00:00,UPI316091549648Pay to BharatPebharatpe9072724Yes Bank LtdICI770167bfcd184d,75,ICICI,Travel,DR,UPI
2023-06-13 00:00:00,UPI316442660392chargeuberrideshdfcbHDFC BANK LTDHDF6158F0DC0E4748A6AC600A,75.16999817,ICICI,Travel,DR,UPI
2023-07-28 00:00:00,UPI320958042031NAbigbasket1paytPaytm Payments,75.46,ICICI,Grocery,DR,UPI
2023-06-02 00:00:00,UPI315305033573UPI9030809130yblFino Payments BICI3b602843eafb43be956c5df3,77,ICICI,Travel,DR,UPI
2023-06-06 00:00:00,UPI315713856045Pay to BharatPebharatpe900652Federal BankICId821e8025e194e,77,ICICI,Travel,DR,UPI
2023-06-10 00:00:00,UPI316118303091UPIpaytmqr28100505Paytm Payments ICI9ea8fa0beb794d4db764a1d,78,ICICI,Travel,DR,UPI
2023-07-03 00:00:00,UPI318451759467UPImdanwarpasha786State Bank Of IICI38141f20b1f84ec8bc90c2b,78,ICICI,Travel,DR,UPI
2023-06-14 00:00:00,UPI353153311179UPIpaytmqr28100505Paytm Payments ICIc637b74ca8a54d41b91c0bd,78,ICICI,Travel,DR,UPI
2023-06-16 00:00:00,UPI353335751280UberRideuberrideshdfcbHDFC BANK LTDICI9b76bc33d4af4aa29606,78.93000031,ICICI,Travel,DR,UPI
2023-06-12 00:00:00,UPI316365732214UPI8977196340iblState Bank Of IICIf99a926b86334cf4bc5824db,80,ICICI,Travel,DR,UPI
2023-08-18 00:00:00,UPI323065986151Pay to BharatPeBHARATPE900663Federal BankYBL5b4446e5815249,80,ICICI,Travel,DR,UPI
2023-08-23 00:00:00,UPI323565929913Payment from PhBHARATPE0990624Yes Bank LtdIBL58291c9e971841,81,ICICI,Travel,DR,UPI
2023-06-29 00:00:00,UPI318080681640chargeuberrideshdfcbHDFC BANK LTDHDFD59338C625184B238CB759,81.62999725,ICICI,Travel,DR,UPI
2023-06-20 00:00:00,UPI317181275242UPIpaytm76880981Paytm Payment,82,ICICI,Travel,DR,UPI
2023-06-08 00:00:00,UPI352570715741UPIgpay1121367130Axis Bank LtdICI152093cfd83244729836def9,86,ICICI,Travel,DR,UPI
2023-08-01 00:00:00,UPI321388079906Payment from PhkujarameshyblFederal BankYBL3da4d3418cb94c,87,ICICI,Travel,DR,UPI
2023-08-16 00:00:00,UPI322788331717Payment from Phpaytmqr1eaiq9o7State Bank Of IYBL64a60a60607,87,ICICI,Travel,DR,UPI
2023-07-03 00:00:00,UPI318472781970UPIalisyeds825okiIndian BankICIcdf7ee902b0f44e89011b3c4e62,90,ICICI,Grocery,DR,UPI
2023-06-08 00:00:00,UPI352598124926UPIq582603436yblYes Bank LtdICIfded7be0ce62435589d7ee0b458,90,ICICI,Grocery,DR,UPI
2023-06-26 00:00:00,UPI354391037877UPIrameshmudiraj85State Bank Of IICI23694f0573ef49959840e2f,99,ICICI,Food and Drinks,DR,UPI
2023-06-06 00:00:00,UPI352349281708UPIpaytmqr28100505Paytm Payments ICI610f93ae6ee34418a9dc386,100,ICICI,Food and Drinks,DR,UPI
2023-08-08 00:00:00,ACHDLF LIMITED12336301,120,ICICI,Dividend,CR,""
2023-08-14 00:00:00,ACHLARSEN TOUBRO LIMI18110070,120,ICICI,Dividend,CR,""
2023-06-05 00:00:00,UPI315620027822UPImalleshyadav718Paytm Payments ICIee134c6d3da8488684e610e,135,ICICI,Travel,DR,UPI
2023-06-03 00:00:00,UPI315430384897UPIpaytmqr28100505Union Bank of IICI1a9e908c80bb45dbb3e98a7,140,ICICI,Food and Drinks,DR,UPI
2023-07-08 00:00:00,NEFTN189232539687850RKSV SECURITIES INDIA PVT LTDSHIKHAR SRIVASTAVA157723,142.89,ICICI,Dividend,CR,""
2023-06-30 00:00:00,032101652794IntPd30032023 to 29062023,143,ICICI,Dividend,CR,""
2023-07-31 00:00:00,UPI357870694659Payment from Ph9666292811yblState Bank Of IYBL88178b5d16dc,147,ICICI,Grocery,DR,UPI
2023-06-07 00:00:00,UPI315856288342UPIgirishvempalaoKotak Mahindra ICI511b32a7bdf241bca2e898f,150,ICICI,Food and Drinks,DR,UPI
2023-06-27 00:00:00,UPI354429592601UPIq108994984yblYes Bank LtdICI04169d137ab8451a9444e3add95,150,ICICI,Food and Drinks,DR,UPI
2023-06-19 00:00:00,UPI317049769805UPIpaytmqr28100505Paytm Payments ICIc07289fe46c94cb4861d527,150,ICICI,Grocery,DR,UPI
2023-09-06 00:00:00,CMSCentralFinal Dividend Year 20222023,160,ICICI,Dividend,CR,""
2023-06-30 00:00:00,ACHTATACHEMDIV2022 202373694,175,ICICI,Dividend,CR,""
2023-06-16 00:00:00,UPI316717876102UPIkarachibakery6HDFC BANK LTDICI773df60f2f2d4593886b91dac,175,ICICI,Food and Drinks,DR,UPI
2023-06-10 00:00:00,UPI316163297420UPIpaytmqr28100505Paytm Payments ICI5610561d885f4104bbd0886,178,ICICI,Grocery,DR,UPI
2023-08-14 00:00:00,ACHHDFCBANKLTD00A89383401327912027,190,ICICI,Dividend,CR,""
2023-06-21 00:00:00,ACHTATAPOWERDIV21062300000000000000894914,200,ICICI,Dividend,CR,""
2023-06-29 00:00:00,UPI318016041165UPIminervacoffeeshHDFC BANK LTDICI590a47bb0f7a42dbbac9730d2,200,ICICI,Food and Drinks,DR,UPI
2023-08-28 00:00:00,UPI323974078408Payment from PhgadrebhaskarokState Bank Of IYBLe16c8187f67,200,ICICI,Food and Drinks,DR,UPI
2023-06-01 00:00:00,UPI315254317476UPIq004134319yblYes Bank LtdICIe6db907b72744549a692d85c8d0,200,ICICI,Grocery,DR,UPI
2023-09-01 00:00:00,CMSICICI BANK LTDFINAL DIV 202223 6455847,240,ICICI,Dividend,CR,""
2023-06-12 00:00:00,UPI352973200614payment on CREDcredclubaxisbAxis Bank LtdACDp2bY7JqNKLXe,242,ICICI,Grocery,DR,UPI
2023-06-21 00:00:00,UPI317276422793UPIpaytm69010895Paytm Payments,250,ICICI,Travel,DR,UPI
2023-06-26 00:00:00,UPI317667427672UPIq338807933yblYes Bank LtdICIdefd54b119c54791b62e3e728f7,290,ICICI,Grocery,DR,UPI
2023-06-05 00:00:00,UPI352100624894UPIq014607570yblYes Bank LtdICI4951ed1194814601aba1003da81,290,ICICI,Grocery,DR,UPI
2023-07-05 00:00:00,UPI318605620172Payment from Ph9701005069yblDCB Bank LtdYBL6d712e645e614d1,320,ICICI,"",CR,""
2023-07-05 00:00:00,UPI355274041018UPIpaytmqrg4myiuq1Paytm Payments ICI957f1c8f15d24e6bb467c04,320,ICICI,Movie,DR,UPI
2023-06-15 00:00:00,UPI353265234131stuffsuhash372okiciDCB Bank LtdICI0cc9adafeb9845fcb6fda8ac,350,ICICI,Food and Drinks,DR,UPI
2023-06-17 00:00:00,UPI316841004950UPIpaytmqrcbb7aniiPaytm Payments ICI5959cd4cb5774d658aaa3b2,359,ICICI,Grocery,DR,UPI
2023-09-02 00:00:00,ACHBSE LIMITED3517226,360,ICICI,Dividend,CR,""
2023-06-27 00:00:00,UPI317873492172UPIsuhash372okiciDCB Bank LtdICI4ed1ebb1988b4c61b111e41b66,500,ICICI,Food and Drinks,DR,UPI
2023-07-18 00:00:00,UPI319951162565Oid21551258062paytm648052425Paytm Payments PTM5AA760EC794,500,ICICI,Grocery,DR,UPI
2023-07-18 00:00:00,UPI319952259468Oid21526557253paytm648052425Paytm Payments PTM1F515A41BD3,500,ICICI,Grocery,DR,UPI
2023-09-05 00:00:00,UPI324846539988R02 PhonePe RevphonepemerchantYes Bank LtdYESB03D98A804F115,548,ICICI,Dividend,CR,""
2023-09-04 00:00:00,UPI361246550703Payment for OD4FKRTyblYes Bank LtdYBL80c08bde729240b29bbbe,548,ICICI,Well Being,DR,UPI
2023-08-16 00:00:00,UPI322858869306UPI6301029718axlAndhra Pradesh ICI89f1ef79f95b44eca719237c,580,ICICI,Travel,DR,UPI
2023-08-03 00:00:00,UPI358144326282NA9811377400paytICICI BankPTMA398DC29DDD44C8EAD21A0E7B99E0,700,ICICI,Transfer,CR,""
2023-07-10 00:00:00,CMSTATA STEELFinal Dividend,720,ICICI,Dividend,CR,""
2023-06-22 00:00:00,UPI353929156678UPInawabtalukdar1Bank of BarodaICI11065d6f47d84a2aaece1b2d,730,ICICI,Food and Drinks,DR,UPI
2023-06-20 00:00:00,UPI317185246509Payment from Ph9701005069yblDCB Bank LtdYBLb02fb6ccdb66465,999,ICICI,Splitwise,CR,""
2023-06-01 00:00:00,NEFTFDRLM8152551427SHIKHAR KARTIK SRIVASTAVAINFO199980122837862FDRL00000,1000,ICICI,Transfer,CR,""
2023-08-23 00:00:00,UPI360156542254Oid21810338876paybus8261paytPaytm Payments PTME4EF2CE89BC,1044.75,ICICI,Travel,DR,UPI
2023-07-08 00:00:00,UPI355590612596Payment from PhTELANAGANASSPDCYes Bank LtdYBLf1de2d6ada6a46,1552,ICICI,Utility,DR,UPI
2023-06-05 00:00:00,UPI315555787131UPIyraval71okhdfHDFC BANK LTDHDFb368709209e94d0bbc31abf6b,1616,ICICI,Splitwise,CR,""
2023-08-09 00:00:00,UPI322143382892NA9891393267paytHDFC BANK LTDPTM0E6BFD7AA2114E529D271EF289,1800,ICICI,Transfer,DR,UPI
2023-07-01 00:00:00,UPI318263056262June Splitwiseyraval71okhdfHDFC BANK LTDHDFf3d85d092c9b41,1901,ICICI,Splitwise,CR,""
2023-07-06 00:00:00,UPI318731567653UPIyesudarling436Andhra BankICI76a59ca141d6465f8c9dd1e04c4,2000,ICICI,Utility,DR,UPI
2023-06-12 00:00:00,BILONL000678590120NPS TrustXBCMFNPS_XICI12NPS,4000,ICICI,Investment,DR,""
2023-08-08 00:00:00,NEFTN220232585472102RKSV SECURITIES INDIA PVT LTDSHIKHAR SRIVASTAVA157723,4453.97998,ICICI,Transfer,CR,""
2023-06-13 00:00:00,MMTIMPS316428041468UPSTOXFundTransRKSV SECURR,5915.279785,ICICI,Transfer,CR,""
2023-06-17 00:00:00,UPI353403593501Oid1377259582Apaytm52649125Paytm Payments PTM30617224512,6539.819824,ICICI,Travel,DR,UPI
2023-06-05 00:00:00,INFINFT20230605004903Self,7000,ICICI,Investment,DR,""
2023-07-12 00:00:00,INFINFT20230712143046Self,7000,ICICI,Investment,DR,""
2023-08-02 00:00:00,TO PPF 006218000697_SR916756258,7000,ICICI,Investment,DR,""
2023-09-02 00:00:00,TO PPF 006218000697_SR916756258,7000,ICICI,Investment,DR,""
2023-06-01 00:00:00,UPI315232425814UPInv190519631okBank of BarodaICI954559c4919142ffa8de86b6,8100,ICICI,Transfer,DR,UPI
2023-06-12 00:00:00,UPI316378672530Sponsorship amoprasanth126127HDFC BANK LTDHDF435f5389d4734,9000,ICICI,"",CR,""
2023-06-19 00:00:00,UPI317083219803Payment from Phshikhar096yblFederal BankYBLcf6fd5d05ec2435,10000,ICICI,Transfer,CR,""
2023-06-19 00:00:00,UPI353653863615UPIsrivastavasuchIndian OverseasICI371641cdc64b4588a9a14cc,10000,ICICI,Transfer,DR,UPI
2023-06-19 00:00:00,UPI353653993041moj kr7056545429axisHDFC BANK,10303,ICICI,Splitwise,CR,""
2023-08-01 00:00:00,UPI357964727652payment on CREDcredclubaxisbAxis Bank LtdACDyrX8d0zdvYl7,11015,ICICI,Credit Card Payment,DR,UPI
2023-06-12 00:00:00,BILONL000678587549NPS TrustXBCMFNPS_YICI19NPS,12500,ICICI,Investment,DR,""
2023-07-03 00:00:00,UPI318384006749June Rentyraval71okhdfHDFC BANK LTDHDFbd6378f08f144a4ba62,12500,ICICI,Splitwise,CR,""
2023-06-02 00:00:00,UPI351956732686UPIkabirseth79okiICICI BankICI1a1695a16f1f4ba6a37f89f8d5b2,13000,ICICI,Deposit,CR,""
2023-06-02 00:00:00,UPI351994844937UPIcredclubiciciICICI BankICI66faab0d0eed4d68971e725adc129,13850,ICICI,Credit Card Payment,DR,UPI
2023-06-02 00:00:00,UPI315304755510deposit as peryraval71okhdfHDFC BANK LTDHDF3645265697d345,14668,ICICI,Splitwise,CR,""
2023-09-05 00:00:00,UPI361476816599Paid via CRED7056545429axisHDFC BANK LTDACDmMLrzVEE2K21bE5,14750,ICICI,Credit Card Payment,CR,""
2023-07-03 00:00:00,UPI354945291581rent7056545429axisAxis Bank Lt,14750,ICICI,Splitwise,CR,""
2023-08-12 00:00:00,UPI359035978048payment on CREDcredclubaxisbAxis Bank LtdACD7eBd201qwyDG,14953.91992,ICICI,Credit Card Payment,DR,UPI
2023-06-12 00:00:00,UPI352999659234Pending sponsorakshitachopra2HDFC BANK LTDICI6a123ae096d04,15815,ICICI,"",DR,UPI
2023-06-02 00:00:00,UPI315305374098UPIaryan98goyalokHDFC BANK LTDHDF5b0c8268e77045aaabfa70be4,17500,ICICI,Splitwise,CR,""
2023-06-28 00:00:00,MMTIMPS317910168696Shikhar SrivastSHIKHAR SRF,30000,ICICI,Transfer,CR,""
2023-07-03 00:00:00,UPI355054575165UPI9961608899axisAxis Bank LtdICI2f16ba733b95456eb7355a17,41525,ICICI,Rent,DR,UPI
2023-06-02 00:00:00,UPI315309530432UPImaneeshkatipallICICI BankICIa9e368d8c27540e7b4adf39f800c,50000,ICICI,Deposit,DR,UPI
2023-06-17 00:00:00,UPI353420690709UPInv190519631okBank of BarodaICI63e4973283ac428ebbff059d,50000,ICICI,Deposit,DR,UPI
2023-06-01 00:00:00,MMTIMPS315221769158Shikhar SrivastSHIKHAR KAF,50000,ICICI,Transfer,CR,""
2023-08-01 00:00:00,MMTIMPS321310743941Shikhar SrivastSHIKHAR SRF,50000,ICICI,Transfer,CR,""
2023-06-17 00:00:00,NEFTP168230248474801IIM3124101005686CNRB00064,50000,ICICI,Transfer,CR,""
2023-07-03 00:00:00,UPI318468166942Payment from Phshikhar096yblFederal BankYBL6d158aa037864eb,50000,ICICI,Transfer,CR,""
2023-07-17 00:00:00,UPI319764826064UPInv19051963okhdBank of BarodaICI71666274bd124635a4b384dc,60000,ICICI,Transfer,DR,UPI
2023-07-07 00:00:00,Ac xfr from Sol 0321 to 7203,78965.47,ICICI,"",CR,""
2023-07-07 00:00:00,Ac xfr from Sol 0321 to 7203,78965.47,ICICI,"",DR,""
2023-05-02 00:00:00,spotify si mumbai in,59,ICICI CC,Subscription,DR,ICICI Credit Card
2023-06-02 00:00:00,spotify si mumbai in,59,ICICI CC,Subscription,DR,ICICI Credit Card
2023-07-02 00:00:00,spotify si mumbai in,59,ICICI CC,Subscription,DR,ICICI Credit Card
2023-08-12 00:00:00,whiz foods private lim delhi in,70,ICICI CC,Food and Drinks,DR,ICICI Credit Card
2023-08-15 00:00:00,ikea india pvt ltd hyderabad in,80,ICICI CC,Shopping,DR,ICICI Credit Card
2023-05-29 00:00:00,fresh and quality g hyderabad in,115,ICICI CC,Grocery,DR,ICICI Credit Card
2023-08-14 00:00:00,polar bear hyderabad in,117,ICICI CC,Food and Drinks,DR,ICICI Credit Card
2023-07-08 00:00:00,amazon in,149,ICICI CC,Shopping,DR,ICICI Credit Card
2023-07-22 00:00:00,amazon in,160.1,ICICI CC,Shopping,DR,ICICI Credit Card
2023-07-16 00:00:00,amazon pay india privatet bangalore in,174.28,ICICI CC,Shopping,DR,ICICI Credit Card
2023-05-11 00:00:00,amazon in,189,ICICI CC,Shopping,DR,ICICI Credit Card
2023-06-04 00:00:00,amazonin grocery in,199,ICICI CC,Well Being,DR,ICICI Credit Card
2023-05-09 00:00:00,amazonin grocery in,239,ICICI CC,Well Being,CR,""
2023-05-02 00:00:00,amazonin grocery in,239,ICICI CC,Well Being,DR,ICICI Credit Card
2023-06-12 00:00:00,upi payment received,248,ICICI CC,Credit Card Payment,CR,""
2023-08-12 00:00:00,qaffeine hyderabad in,258,ICICI CC,Food and Drinks,DR,ICICI Credit Card
2023-07-02 00:00:00,amazonin grocery in,311.6,ICICI CC,Well Being,DR,ICICI Credit Card
2023-06-17 00:00:00,amazonin grocery in,320,ICICI CC,Well Being,DR,ICICI Credit Card
2023-08-12 00:00:00,minerva coffee shop hyderabad in,325,ICICI CC,Food and Drinks,DR,ICICI Credit Card
2023-08-05 00:00:00,amazon in,369,ICICI CC,Shopping,DR,ICICI Credit Card
2023-08-12 00:00:00,amazeus foods india l bangalore in,399,ICICI CC,Food and Drinks,DR,ICICI Credit Card
2023-07-29 00:00:00,paytm noida in,401.08,ICICI CC,Movie,CR,""
2023-07-29 00:00:00,paytm noida in,401.08,ICICI CC,Movie,DR,ICICI Credit Card
2023-08-13 00:00:00,minerva coffee shop hyderabad in,402,ICICI CC,Food and Drinks,DR,ICICI Credit Card
2023-07-16 00:00:00,amazon pay india privatet bangalore in,419,ICICI CC,Shopping,DR,ICICI Credit Card
2023-06-02 00:00:00,amazon in,449,ICICI CC,Shopping,DR,ICICI Credit Card
2023-06-02 00:00:00,amazonin grocery in,521,ICICI CC,Well Being,DR,ICICI Credit Card
2023-06-11 00:00:00,amazonin grocery in,581.4,ICICI CC,Well Being,DR,ICICI Credit Card
2023-08-19 00:00:00,amazonin grocery in,599,ICICI CC,Well Being,DR,ICICI Credit Card
2023-08-14 00:00:00,amazonin grocery in,634,ICICI CC,Well Being,DR,ICICI Credit Card
2023-08-07 00:00:00,zudio a unit of trent hyderabad in,699,ICICI CC,Shopping,DR,ICICI Credit Card
2023-08-06 00:00:00,motocruizer technologies mumbai in,788,ICICI CC,Travel,DR,ICICI Credit Card
2023-07-15 00:00:00,razelitehubs mumbai in,999,ICICI CC,Shopping,DR,ICICI Credit Card
2023-08-13 00:00:00,ikea india pvt ltd hyderabad in,1026,ICICI CC,Shopping,DR,ICICI Credit Card
2023-08-27 00:00:00,zomato gurgaon in,1116.4,ICICI CC,Food and Drinks,DR,ICICI Credit Card
2023-08-15 00:00:00,broadway hyderabad in,1150,ICICI CC,Food and Drinks,DR,ICICI Credit Card
2023-06-02 00:00:00,amazon in,1269.4,ICICI CC,Shopping,DR,ICICI Credit Card
2023-07-15 00:00:00,youtube mumbai in,1290,ICICI CC,Subscription,DR,ICICI Credit Card
2023-08-14 00:00:00,amazonin grocery in,1460,ICICI CC,Well Being,DR,ICICI Credit Card
2023-06-18 00:00:00,amazon in,1461,ICICI CC,Shopping,DR,ICICI Credit Card
2023-05-30 00:00:00,amazon in,1469,ICICI CC,Shopping,DR,ICICI Credit Card
2023-07-25 00:00:00,paytm_flipkartinternet bangalore in,1709,ICICI CC,Shopping,CR,""
2023-07-17 00:00:00,paytm_flipkartinternet bangalore in,1709,ICICI CC,Shopping,DR,ICICI Credit Card
2023-05-30 00:00:00,amazon in,1719.4,ICICI CC,Shopping,CR,""
2023-05-30 00:00:00,amazon in,1719.4,ICICI CC,Shopping,DR,ICICI Credit Card
2023-07-15 00:00:00,amazon in,1782,ICICI CC,Shopping,DR,ICICI Credit Card
2023-05-11 00:00:00,upi payment received,1790.74,ICICI CC,Credit Card Payment,CR,""
2023-06-05 00:00:00,amazon in,1799,ICICI CC,Shopping,DR,ICICI Credit Card
2023-06-22 00:00:00,shivsagar restaurant ba mumbai in,1835,ICICI CC,Food and Drinks,DR,ICICI Credit Card
2023-06-11 00:00:00,amazon in,2199,ICICI CC,Shopping,DR,ICICI Credit Card
2023-07-15 00:00:00,amazon in,2199,ICICI CC,Shopping,DR,ICICI Credit Card
2023-06-09 00:00:00,raja wines hyderabad in,2320,ICICI CC,Food and Drinks,DR,ICICI Credit Card
2023-08-26 00:00:00,meeraki fashion mumbai in,3000,ICICI CC,Shopping,DR,ICICI Credit Card
2023-08-13 00:00:00,westside hyderabad in,3197,ICICI CC,Shopping,DR,ICICI Credit Card
2023-08-15 00:00:00,ikea india pvt ltd hyderabad in,3224,ICICI CC,Shopping,DR,ICICI Credit Card
2023-07-04 00:00:00,paytm_flipkartinternet bangalore in,3398,ICICI CC,Shopping,DR,ICICI Credit Card
2023-08-13 00:00:00,hennes n mauritz hyderabad in,3897,ICICI CC,Shopping,DR,ICICI Credit Card
2023-07-12 00:00:00,avenue supermarts ltdd hyderabad in,4015.94,ICICI CC,Grocery,DR,ICICI Credit Card
2023-06-08 00:00:00,avenue supermarts ltd hyderabad in,5760.92,ICICI CC,Grocery,DR,ICICI Credit Card
2023-06-03 00:00:00,dmart avenue supermart hyderabad in,6269,ICICI CC,Grocery,DR,ICICI Credit Card
2023-08-12 00:00:00,upi payment received,14956.92,ICICI CC,Credit Card Payment,CR,""
2023-07-01 00:00:00,upi payment received,26626.72,ICICI CC,Credit Card Payment,CR,""
